0, 17.371394, 0.000000, 0.000000, 0.000000, 0.000000, 0.000000, 0.000000, 0.000000, 0.000000
1, 53.628605, 17.371394, 17.371394, 17.371394, 17.371394, 17.371394, 17.371394, 17.371394, 17.371394
2, 99.021461, 39.010730, 37.957075, 37.957075, 37.957075, 37.957075, 37.957075, 37.957075, 37.957075
3, 65.118039, 0.000000, 0.000000, 0.000000, 0.000000, 0.000000, 0.000000, 0.000000, 0.000000
4, 148.379266, 61.773273, 61.773273, 61.773273, 61.773273, 61.773273, 61.773273, 61.773273, 61.773273
5, 62.990157, 0.000000, 0.000000, 0.000000, 0.000000, 0.000000, 0.000000, 0.000000, 0.000000
6, 153.452085, 8.822078, 8.822078, 8.822078, 8.822078, 8.822078, 8.822078, 8.822078, 8.822078
7, 173.730973, 4.201933, 0.000000, 0.000000, 0.000000, 0.000000, 0.000000, 0.000000, 0.000000
8, 262.328560, 42.205532, 42.205532, 42.205532, 42.205532, 42.205532, 42.205532, 42.205532, 42.205532
9, 256.266770, 20.878220, 20.878220, 20.878220, 20.878220, 20.878220, 20.878220, 20.878220, 20.878220
10, 211.654070, 0.000000, 0.000000, 0.000000, 0.000000, 0.000000, 0.000000, 0.000000, 0.000000
11, 198.926452, 0.000000, 0.000000, 0.000000, 0.000000, 0.000000, 0.000000, 0.000000, 0.000000
12, 273.539767, 0.000000, 0.000000, 0.000000, 0.000000, 0.000000, 0.000000, 0.000000, 0.000000
13, 328.930743, 41.832108, 12.232616, 12.232616, 12.232616, 12.232616, 12.232616, 12.232616, 12.232616
14, 350.381563, 3.282928, 0.000000, 0.000000, 0.000000, 0.000000, 0.000000, 0.000000, 0.000000
15, 422.806575, 52.707940, 41.697590, 41.697590, 41.697590, 41.697590, 41.697590, 41.697590, 41.697590
16, 368.965617, 0.000000, 0.000000, 0.000000, 0.000000, 0.000000, 0.000000, 0.000000, 0.000000
17, 440.371698, 11.273063, 0.000000, 0.000000, 0.000000, 0.000000, 0.000000, 0.000000, 0.000000
18, 542.391868, 69.293233, 52.838279, 52.838279, 52.838279, 52.838279, 52.838279, 52.838279, 52.838279
19, 497.291073, 9.192438, 0.000000, 0.000000, 0.000000, 0.000000, 0.000000, 0.000000, 0.000000
20, 534.368677, 28.566002, 0.000000, 0.000000, 0.000000, 0.000000, 0.000000, 0.000000, 0.000000
21, 517.144217, 0.000000, 0.000000, 0.000000, 0.000000, 0.000000, 0.000000, 0.000000, 0.000000
22, 622.026913, 55.224238, 28.566002, 28.566002, 28.566002, 28.566002, 28.566002, 28.566002, 28.566002
23, 668.692436, 58.593801, 45.638821, 19.784755, 19.784755, 19.784755, 19.784755, 19.784755, 19.784755
24, 703.761748, 57.959073, 24.617956, 24.617956, 24.617956, 24.617956, 24.617956, 24.617956, 24.617956
25, 692.379903, 21.281268, 0.000000, 0.000000, 0.000000, 0.000000, 0.000000, 0.000000, 0.000000
26, 792.494666, 59.691991, 21.441051, 4.450115, 4.450115, 4.450115, 4.450115, 4.450115, 4.450115
27, 834.769873, 96.671238, 60.742887, 60.742887, 60.742887, 60.742887, 60.742887, 60.742887, 60.742887
28, 759.009421, 0.000000, 0.000000, 0.000000, 0.000000, 0.000000, 0.000000, 0.000000, 0.000000
29, 835.461773, 28.363138, 0.000000, 0.000000, 0.000000, 0.000000, 0.000000, 0.000000, 0.000000
30, 893.674163, 76.807738, 76.807738, 76.807738, 76.807738, 76.807738, 76.807738, 76.807738, 76.807738
31, 783.273579, 0.000000, 0.000000, 0.000000, 0.000000, 0.000000, 0.000000, 0.000000, 0.000000
32, 876.409224, 10.542799, 0.482921, 0.482921, 0.482921, 0.482921, 0.482921, 0.482921, 0.482921
33, 900.714782, 0.000000, 0.000000, 0.000000, 0.000000, 0.000000, 0.000000, 0.000000, 0.000000
34, 953.767966, 32.901541, 0.000000, 0.000000, 0.000000, 0.000000, 0.000000, 0.000000, 0.000000
35, 1008.748943, 50.611119, 24.822640, 0.901651, 0.901651, 0.901651, 0.901651, 0.901651, 0.901651
36, 1059.646546, 81.780121, 37.299412, 18.720243, 14.217578, 14.217578, 14.217578, 14.217578, 14.217578
37, 1076.010646, 68.872822, 9.872822, 4.663512, 0.000000, 0.000000, 0.000000, 0.000000, 0.000000
38, 1140.781908, 0.000000, 75.243783, 75.243783, 75.243783, 75.243783, 75.243783, 75.243783, 75.243783
39, 1050.470815, 111.915483, 0.000000, 0.000000, 0.000000, 0.000000, 0.000000, 0.000000, 0.000000
40, 1055.653488, 0.000000, 0.000000, 0.000000, 0.000000, 0.000000, 0.000000, 0.000000, 0.000000
41, 1143.425778, 0.000000, 0.000000, 0.000000, 0.000000, 0.000000, 0.000000, 0.000000, 0.000000
42, 1183.975397, 37.837573, 36.187513, 36.187513, 36.187513, 36.187513, 36.187513, 36.187513, 36.187513
43, 1155.707677, 7.730761, 7.730761, 7.730761, 7.730761, 7.730761, 7.730761, 7.730761, 7.730761
44, 1145.165949, 33.920256, 33.920256, 33.920256, 33.920256, 33.920256, 33.920256, 33.920256, 33.920256
45, 1093.514472, 0.000000, 0.000000, 0.000000, 0.000000, 0.000000, 0.000000, 0.000000, 0.000000
46, 1182.239215, 142.639526, 142.639526, 142.639526, 142.639526, 142.639526, 142.639526, 142.639526, 142.639526
47, 919.956927, 0.000000, 0.000000, 0.000000, 0.000000, 0.000000, 0.000000, 0.000000, 0.000000
48, 1003.307289, 0.000000, 0.000000, 0.000000, 0.000000, 0.000000, 0.000000, 0.000000, 0.000000
49, 1082.027272, 9.073784, 0.000000, 0.000000, 0.000000, 0.000000, 0.000000, 0.000000, 0.000000
50, 1127.506586, 22.016207, 0.000000, 0.000000, 0.000000, 0.000000, 0.000000, 0.000000, 0.000000
51, 1177.792138, 57.838650, 32.092757, 32.092757, 32.092757, 32.092757, 32.092757, 32.092757, 32.092757
52, 1152.253458, 9.035469, 9.035469, 9.035469, 9.035469, 9.035469, 9.035469, 9.035469, 9.035469
53, 1161.736599, 0.000000, 0.000000, 0.000000, 0.000000, 0.000000, 0.000000, 0.000000, 0.000000
54, 1249.961789, 41.743800, 0.000000, 0.000000, 0.000000, 0.000000, 0.000000, 0.000000, 0.000000
55, 1313.595253, 67.641765, 44.377264, 32.139831, 32.139831, 32.139831, 32.139831, 32.139831, 32.139831
56, 1301.568276, 38.350287, 37.356561, 37.356561, 37.356561, 37.356561, 37.356561, 37.356561, 37.356561
57, 1265.968010, 0.000000, 0.000000, 0.000000, 0.000000, 0.000000, 0.000000, 0.000000, 0.000000
58, 1355.372044, 29.154055, 8.315896, 8.315896, 8.315896, 8.315896, 8.315896, 8.315896, 8.315896
59, 1376.820420, 3.528542, 0.000000, 0.000000, 0.000000, 0.000000, 0.000000, 0.000000, 0.000000
60, 1408.120330, 24.902341, 0.000000, 0.000000, 0.000000, 0.000000, 0.000000, 0.000000, 0.000000
61, 1459.352783, 105.278125, 105.278125, 105.278125, 105.278125, 105.278125, 105.278125, 105.278125, 105.278125
62, 1291.928808, 0.000000, 0.000000, 0.000000, 0.000000, 0.000000, 0.000000, 0.000000, 0.000000
63, 1278.374899, 0.000000, 0.000000, 0.000000, 0.000000, 0.000000, 0.000000, 0.000000, 0.000000
64, 1424.452815, 51.728037, 43.259354, 43.259354, 43.259354, 43.259354, 43.259354, 43.259354, 43.259354
65, 1398.798126, 35.528599, 35.528599, 35.528599, 35.528599, 35.528599, 35.528599, 35.528599, 35.528599
66, 1346.345594, 0.000000, 6.819042, 6.819042, 6.819042, 6.819042, 6.819042, 6.819042, 6.819042
67, 1493.847799, 59.578272, 0.000000, 0.000000, 0.000000, 0.000000, 0.000000, 0.000000, 0.000000
68, 1539.998853, 53.940191, 44.729326, 4.907154, 4.907154, 4.907154, 4.907154, 4.907154, 4.907154
69, 1586.154642, 101.102716, 38.132621, 37.132621, 0.000000, 0.000000, 0.000000, 0.000000, 0.000000
70, 1662.161378, 88.885115, 36.125885, 27.885115, 28.891851, 0.000000, 0.000000, 0.000000, 0.000000
71, 1718.743461, 157.684799, 131.087629, 131.087629, 131.087629, 131.087629, 131.087629, 131.087629, 131.087629
72, 1514.376666, 0.000000, 0.000000, 0.000000, 0.000000, 0.000000, 0.000000, 0.000000, 0.000000
73, 1631.739599, 16.207188, 16.207188, 16.207188, 16.207188, 16.207188, 16.207188, 16.207188, 16.207188
74, 1630.867107, 0.000000, 0.000000, 0.000000, 0.000000, 0.000000, 0.000000, 0.000000, 0.000000
75, 1683.530621, 69.429227, 69.429227, 69.429227, 69.429227, 69.429227, 69.429227, 69.429227, 69.429227
76, 1570.171274, 0.000000, 0.000000, 0.000000, 0.000000, 0.000000, 0.000000, 0.000000, 0.000000
77, 1635.077001, 0.000000, 0.000000, 0.000000, 0.000000, 0.000000, 0.000000, 0.000000, 0.000000
78, 1730.947671, 50.858474, 5.948015, 5.948015, 5.948015, 5.948015, 5.948015, 5.948015, 5.948015
79, 1767.480879, 30.962445, 36.952036, 0.000000, 0.000000, 0.000000, 0.000000, 0.000000, 0.000000
80, 1846.470470, 93.381273, 28.391682, 34.381273, 20.492671, 20.492671, 20.492671, 20.492671, 20.492671
81, 1850.720536, 65.202102, 3.720880, 0.000000, 0.000000, 0.000000, 0.000000, 0.000000, 0.000000
82, 1894.347975, 80.258778, 34.227177, 34.227177, 34.227177, 34.227177, 34.227177, 34.227177, 34.227177
83, 1863.578710, 21.060276, 0.000000, 0.000000, 0.000000, 0.000000, 0.000000, 0.000000, 0.000000
84, 1969.785215, 86.696018, 32.926630, 32.926630, 32.926630, 32.926630, 32.926630, 32.926630, 32.926630
85, 1956.264166, 54.745732, 0.000000, 0.000000, 0.000000, 0.000000, 0.000000, 0.000000, 0.000000
86, 2031.297738, 89.208541, 7.208541, 0.000000, 0.000000, 0.000000, 0.000000, 0.000000, 0.000000
87, 2094.101655, 125.583221, 84.572648, 84.572648, 84.572648, 84.572648, 84.572648, 84.572648, 84.572648
88, 1981.718106, 0.000000, 0.000000, 0.000000, 0.000000, 0.000000, 0.000000, 0.000000, 0.000000
89, 2101.826622, 78.308188, 75.719456, 75.719456, 75.719456, 75.719456, 75.719456, 75.719456, 75.719456
90, 2006.036519, 0.000000, 0.000000, 0.000000, 0.000000, 0.000000, 0.000000, 0.000000, 0.000000
91, 2069.660670, 0.000000, 0.000000, 0.000000, 0.000000, 0.000000, 0.000000, 0.000000, 0.000000
92, 2126.920849, 22.536932, 0.813683, 0.000000, 0.000000, 0.000000, 0.000000, 0.000000, 0.000000
93, 2188.560860, 67.042426, 37.176943, 15.453694, 7.361532, 7.361532, 7.361532, 7.361532, 7.361532
94, 2242.792039, 71.408122, 37.139657, 25.026311, 25.026311, 25.026311, 25.026311, 25.026311, 25.026311
95, 2245.332131, 66.813697, 0.000000, 0.000000, 0.000000, 0.000000, 0.000000, 0.000000, 0.000000
96, 2314.214272, 75.830355, 23.729865, 0.384462, 0.384462, 0.384462, 0.384462, 0.384462, 0.384462
97, 2365.382247, 117.863813, 38.830355, 2.778150, 2.778150, 2.778150, 2.778150, 2.778150, 2.778150
98, 2401.559450, 112.175533, 31.452284, 0.000000, 0.000000, 0.000000, 0.000000, 0.000000, 0.000000
99, 2408.880441, 104.362007, 10.228059, 18.120338, 18.120338, 18.120338, 18.120338, 18.120338, 18.120338
100, 2489.564560, 149.180643, 55.180643, 16.566775, 4.710818, 4.710818, 4.710818, 4.710818, 4.710818
101, 2533.705651, 176.187217, 59.598485, 18.348079, 18.348079, 18.348079, 18.348079, 18.348079, 18.348079
102, 2556.861405, 153.477488, 42.209023, 20.758163, 20.758163, 20.758163, 20.758163, 20.758163, 20.758163
103, 2541.848915, 51.533963, 23.338355, 23.338355, 23.338355, 23.338355, 23.338355, 23.338355, 23.338355
104, 2515.917880, 137.330481, 0.000000, 0.000000, 0.000000, 0.000000, 0.000000, 0.000000, 0.000000
105, 2593.768661, 129.384744, 31.800711, 31.800711, 31.800711, 31.800711, 31.800711, 31.800711, 31.800711
106, 2574.296293, 57.777859, 0.000000, 0.000000, 0.000000, 0.000000, 0.000000, 0.000000, 0.000000
107, 2684.472561, 218.345379, 218.345379, 218.345379, 218.345379, 218.345379, 218.345379, 218.345379, 218.345379
108, 2290.534113, 0.000000, 0.000000, 0.000000, 0.000000, 0.000000, 0.000000, 0.000000, 0.000000
109, 2493.547061, 92.084953, 92.084953, 92.084953, 92.084953, 92.084953, 92.084953, 92.084953, 92.084953
110, 2329.587099, 0.000000, 0.000000, 0.000000, 0.000000, 0.000000, 0.000000, 0.000000, 0.000000
111, 2483.658729, 35.196621, 0.000000, 0.000000, 0.000000, 0.000000, 0.000000, 0.000000, 0.000000
112, 2549.648785, 45.696862, 45.696862, 45.696862, 45.696862, 45.696862, 45.696862, 45.696862, 45.696862
113, 2512.049248, 4.587140, 0.000000, 0.000000, 0.000000, 0.000000, 0.000000, 0.000000, 0.000000
114, 2577.861352, 14.909429, 9.886482, 9.886482, 9.886482, 9.886482, 9.886482, 9.886482, 9.886482
115, 2602.543106, 0.000000, 0.000000, 0.000000, 0.000000, 0.000000, 0.000000, 0.000000, 0.000000
116, 2572.851090, 31.630127, 31.630127, 31.630127, 31.630127, 31.630127, 31.630127, 31.630127, 31.630127
117, 2683.579303, 0.000000, 0.000000, 0.000000, 0.000000, 0.000000, 0.000000, 0.000000, 0.000000
118, 2658.322652, 57.627380, 55.544908, 55.544908, 55.544908, 55.544908, 55.544908, 55.544908, 55.544908
119, 2753.763057, 48.364332, 9.462330, 9.462330, 9.462330, 9.462330, 9.462330, 9.462330, 9.462330
120, 2790.202731, 44.250808, 51.674245, 0.000000, 18.777178, 18.777178, 18.777178, 18.777178, 18.777178
121, 2864.708640, 94.309915, 21.804006, 31.309915, 0.000000, 0.000000, 0.000000, 0.000000, 0.000000
122, 2865.858245, 78.906322, 40.566637, 40.566637, 40.566637, 40.566637, 40.566637, 40.566637, 40.566637
123, 2819.651757, 0.000000, 0.000000, 0.000000, 0.000000, 0.000000, 0.000000, 0.000000, 0.000000
124, 2914.713736, 74.761813, 25.487687, 25.487687, 25.487687, 25.487687, 25.487687, 25.487687, 25.487687
125, 2918.949430, 30.550705, 0.000000, 0.000000, 0.000000, 0.000000, 0.000000, 0.000000, 0.000000
126, 2965.191019, 0.000000, 0.000000, 0.000000, 0.000000, 0.000000, 0.000000, 0.000000, 0.000000
127, 2928.330932, 64.239096, 48.671289, 48.671289, 48.671289, 48.671289, 48.671289, 48.671289, 48.671289
128, 3050.945000, 79.546275, 31.670446, 31.670446, 31.670446, 31.670446, 31.670446, 31.670446, 31.670446
129, 3047.316749, 34.364826, 6.423318, 6.423318, 6.423318, 6.423318, 6.423318, 6.423318, 6.423318
130, 3049.512312, 45.985667, 0.000000, 0.000000, 0.000000, 0.000000, 0.000000, 0.000000, 0.000000
131, 3129.937590, 33.113587, 10.183170, 10.183170, 10.183170, 10.183170, 10.183170, 10.183170, 10.183170
132, 3148.593337, 64.641414, 0.000000, 0.000000, 0.000000, 0.000000, 0.000000, 0.000000, 0.000000
133, 3234.218211, 103.819486, 41.908495, 8.324780, 5.643600, 5.643600, 5.643600, 5.643600, 5.643600
134, 3297.662915, 140.710992, 48.302703, 38.747407, 34.116927, 34.116927, 34.116927, 34.116927, 34.116927
135, 3277.517369, 96.118644, 0.000000, 0.000000, 0.000000, 0.000000, 0.000000, 0.000000, 0.000000
136, 3365.773405, 133.821482, 35.018985, 0.000000, 0.000000, 0.000000, 0.000000, 0.000000, 0.000000
137, 3424.422107, 186.023382, 116.009839, 116.009839, 116.009839, 116.009839, 116.009839, 116.009839, 116.009839
138, 3248.033643, 0.000000, 0.000000, 0.000000, 0.000000, 0.000000, 0.000000, 0.000000, 0.000000
139, 3377.703565, 89.767969, 0.000000, 0.000000, 0.000000, 0.000000, 0.000000, 0.000000, 0.000000
140, 3449.719892, 82.304840, 15.307624, 0.000000, 5.454636, 5.454636, 5.454636, 5.454636, 5.454636
141, 3510.171332, 150.219409, 44.613418, 22.759064, 0.000000, 0.000000, 0.000000, 0.000000, 0.000000
142, 3560.778285, 151.379560, 56.639385, 34.220371, 12.366017, 10.545235, 10.545235, 10.545235, 10.545235
143, 3592.749410, 175.797487, 40.337142, 17.094297, 9.191496, 0.000000, 0.000000, 0.000000, 0.000000
144, 3643.336730, 174.938005, 61.778816, 60.846034, 60.846034, 60.846034, 60.846034, 60.846034, 60.846034
145, 3568.696511, 94.744588, 0.000000, 0.000000, 0.000000, 0.000000, 0.000000, 0.000000, 0.000000
146, 3664.942927, 133.544202, 14.395089, 7.933239, 7.933239, 7.933239, 7.933239, 7.933239, 7.933239
147, 3733.953003, 185.001080, 0.000000, 0.000000, 0.000000, 0.000000, 0.000000, 0.000000, 0.000000
148, 3744.454630, 176.055905, 12.315730, 0.000000, 0.000000, 0.000000, 0.000000, 0.000000, 0.000000
149, 3799.455926, 193.504003, 30.030671, 30.030671, 30.030671, 30.030671, 30.030671, 30.030671, 30.030671
150, 3779.612674, 154.344206, 0.000000, 0.000000, 0.000000, 0.000000, 0.000000, 0.000000, 0.000000
151, 3837.296129, 162.213949, 0.000000, 2.221783, 1.611056, 1.611056, 1.611056, 1.611056, 1.611056
152, 3885.605603, 202.653680, 0.000000, 0.000000, 0.000000, 0.000000, 0.000000, 0.000000, 0.000000
153, 3970.647038, 231.248313, 43.913895, 0.000000, 0.000000, 0.000000, 0.000000, 0.000000, 0.000000
154, 4024.381884, 287.611146, 56.521195, 40.648741, 0.000000, 15.780300, 15.780300, 15.780300, 15.780300
155, 4085.563069, 284.429961, 76.137814, 29.340768, 42.829926, 0.000000, 0.000000, 0.000000, 0.000000
156, 4112.766023, 314.814100, 70.032880, 58.137814, 27.730041, 13.032880, 6.102454, 6.102454, 6.102454
157, 4136.544377, 290.592454, 62.683688, 17.854290, 7.257066, 7.257066, 7.257066, 7.257066, 7.257066
158, 4162.911060, 305.959137, 45.485805, 14.177917, 0.000000, 0.000000, 0.000000, 0.000000, 0.000000
159, 4216.723889, 315.771966, 121.073924, 121.073924, 121.073924, 121.073924, 121.073924, 121.073924, 121.073924
160, 4013.794340, 105.842417, 0.000000, 0.000000, 0.000000, 0.000000, 0.000000, 0.000000, 0.000000
161, 4172.794170, 212.842247, 0.000000, 0.000000, 0.000000, 0.000000, 0.000000, 0.000000, 0.000000
162, 4240.083399, 255.131476, 24.000943, 24.000943, 24.000943, 24.000943, 24.000943, 24.000943, 24.000943
163, 4259.762192, 220.810269, 0.000000, 0.000000, 0.000000, 0.000000, 0.000000, 0.000000, 0.000000
164, 4223.093182, 171.141259, 34.674377, 34.674377, 34.674377, 34.674377, 34.674377, 34.674377, 34.674377
165, 4330.492073, 246.540150, 12.424756, 12.424756, 12.424756, 12.424756, 12.424756, 12.424756, 12.424756
166, 4368.844702, 251.892779, 74.450443, 74.450443, 74.450443, 74.450443, 74.450443, 74.450443, 74.450443
167, 4267.721209, 122.769286, 0.000000, 0.000000, 0.000000, 0.000000, 0.000000, 0.000000, 0.000000
168, 4404.801575, 224.849652, 7.949659, 7.949659, 7.949659, 7.949659, 7.949659, 7.949659, 7.949659
169, 4448.605926, 238.654003, 26.211667, 10.469618, 10.469618, 10.469618, 10.469618, 10.469618, 10.469618
170, 4480.420708, 235.468785, 99.501624, 99.501624, 99.501624, 99.501624, 99.501624, 99.501624, 99.501624
171, 4336.701868, 49.749945, 0.000000, 0.000000, 0.000000, 0.000000, 0.000000, 0.000000, 0.000000
172, 4534.280649, 204.328726, 59.208485, 59.208485, 59.208485, 59.208485, 59.208485, 59.208485, 59.208485
173, 4460.044473, 126.092550, 0.000000, 0.000000, 0.000000, 0.000000, 0.000000, 0.000000, 0.000000
174, 4551.032113, 152.080190, 1.180993, 1.180993, 1.180993, 1.180993, 1.180993, 1.180993, 1.180993
175, 4597.150113, 196.198190, 1.012314, 1.012314, 1.012314, 1.012314, 1.012314, 1.012314, 1.012314
176, 4631.424486, 177.472563, 8.517303, 8.517303, 8.517303, 8.517303, 8.517303, 8.517303, 8.517303
177, 4652.676575, 212.141890, 0.000000, 0.000000, 0.000000, 0.000000, 0.000000, 0.000000, 0.000000
178, 4721.093813, 194.724652, 62.374749, 62.374749, 62.374749, 62.374749, 62.374749, 62.374749, 62.374749
179, 4637.937641, 99.503193, 0.000000, 0.000000, 0.000000, 0.000000, 0.000000, 0.000000, 0.000000
180, 4685.455116, 128.985718, 0.000000, 0.000000, 0.000000, 0.000000, 0.000000, 0.000000, 0.000000
181, 4783.773075, 197.821152, 38.090447, 38.090447, 38.090447, 38.090447, 38.090447, 38.090447, 38.090447
182, 4761.685185, 126.733262, 0.000000, 0.000000, 0.000000, 0.000000, 0.000000, 0.000000, 0.000000
183, 4798.703725, 145.751802, 12.371114, 12.371114, 12.371114, 12.371114, 12.371114, 12.371114, 12.371114
184, 4786.972055, 103.020132, 0.000000, 0.000000, 0.000000, 0.000000, 0.000000, 0.000000, 0.000000
185, 4777.427069, 61.475146, 12.592218, 12.592218, 12.592218, 12.592218, 12.592218, 12.592218, 12.592218
186, 4896.967023, 152.015100, 0.793596, 0.793596, 0.793596, 0.793596, 0.793596, 0.793596, 0.793596
187, 4958.249244, 181.297321, 0.000000, 0.000000, 0.000000, 0.000000, 0.000000, 0.000000, 0.000000
188, 4910.254808, 102.302885, 61.075817, 56.266177, 56.266177, 56.266177, 56.266177, 56.266177, 56.266177
189, 5013.315210, 179.363287, 28.186781, 28.186781, 28.186781, 28.186781, 28.186781, 28.186781, 28.186781
190, 5019.107730, 146.155807, 38.385794, 38.385794, 38.385794, 38.385794, 38.385794, 38.385794, 38.385794
191, 4983.315451, 78.363528, 0.000000, 0.000000, 0.000000, 0.000000, 0.000000, 0.000000, 0.000000
192, 5067.840970, 137.889047, 29.119118, 29.119118, 29.119118, 29.119118, 29.119118, 29.119118, 29.119118
193, 5037.662261, 85.710338, 0.000000, 0.000000, 0.000000, 0.000000, 0.000000, 0.000000, 0.000000
194, 5054.630881, 71.678958, 0.000000, 0.000000, 0.000000, 0.000000, 0.000000, 0.000000, 0.000000
195, 5032.448541, 3.496618, 29.318432, 29.318432, 29.318432, 29.318432, 29.318432, 29.318432, 29.318432
196, 5148.464224, 106.512301, 46.484629, 46.484629, 46.484629, 46.484629, 46.484629, 46.484629, 46.484629
197, 5097.570865, 21.618942, 0.000000, 0.000000, 0.000000, 0.000000, 0.000000, 0.000000, 0.000000
198, 5167.488058, 68.536135, 7.739076, 7.739076, 7.739076, 7.739076, 7.739076, 7.739076, 7.739076
199, 5197.264147, 58.312224, 31.693248, 31.693248, 31.693248, 31.693248, 31.693248, 31.693248, 31.693248
200, 5160.392822, 78.604539, 7.018434, 7.018434, 7.018434, 7.018434, 7.018434, 7.018434, 7.018434
201, 5282.556462, 10.440899, 0.000000, 0.000000, 0.000000, 0.000000, 0.000000, 0.000000, 0.000000
202, 5317.512386, 113.560463, 39.941487, 0.000000, 0.000000, 0.000000, 0.000000, 0.000000, 0.000000
203, 5372.465657, 122.513734, 57.922233, 57.922233, 57.922233, 57.922233, 57.922233, 57.922233, 57.922233
204, 5315.585016, 52.633093, 0.000000, 0.000000, 0.000000, 0.000000, 0.000000, 0.000000, 0.000000
205, 5410.081096, 93.129173, 35.096702, 35.096702, 35.096702, 35.096702, 35.096702, 35.096702, 35.096702
206, 5383.156537, 107.861241, 0.000000, 0.000000, 0.000000, 0.000000, 0.000000, 0.000000, 0.000000
207, 5497.813164, 63.204614, 10.000907, 0.000000, 0.000000, 0.000000, 0.000000, 0.000000, 0.000000
208, 5546.594916, 156.642993, 33.610522, 7.066321, 7.066321, 7.066321, 7.066321, 7.066321, 7.066321
209, 5615.551128, 169.599205, 35.373450, 41.566734, 16.133786, 16.133786, 16.133786, 16.133786, 16.133786
210, 5641.185707, 194.233784, 61.652352, 30.286931, 22.657632, 22.657632, 22.657632, 22.657632, 22.657632
211, 5622.638815, 135.686892, 11.654421, 0.000000, 0.000000, 0.000000, 0.000000, 0.000000, 0.000000
212, 5654.360510, 146.408587, 0.000000, 0.000000, 0.000000, 0.000000, 0.000000, 0.000000, 0.000000
213, 5733.170267, 169.218344, 13.497778, 0.000000, 0.000000, 0.000000, 0.000000, 0.000000, 0.000000
214, 5775.287708, 184.335785, 4.303314, 13.497778, 13.497778, 13.497778, 13.497778, 13.497778, 13.497778
215, 5822.479048, 201.527125, 15.666791, 0.000000, 0.000000, 0.000000, 0.000000, 0.000000, 0.000000
216, 5894.728011, 240.776088, 6.017827, 25.900960, 0.000000, 0.000000, 0.000000, 0.000000, 0.000000
217, 5913.002221, 219.050298, 55.055522, 23.479039, 25.900960, 12.168969, 12.168969, 12.168969, 12.168969
218, 5999.151528, 282.199605, 56.339271, 0.000000, 16.575762, 25.900960, 25.900960, 25.900960, 25.900960
219, 6024.475837, 279.523914, 0.000000, 31.432844, 31.432844, 31.432844, 31.432844, 31.432844, 31.432844
220, 6006.103432, 232.151509, 66.491443, 0.000000, 0.000000, 0.000000, 0.000000, 0.000000, 0.000000
221, 6033.528061, 249.576138, 0.000000, 0.000000, 0.000000, 0.000000, 0.000000, 0.000000, 0.000000
222, 6085.010285, 250.058362, 13.337796, 0.000000, 0.000000, 0.000000, 0.000000, 0.000000, 0.000000
223, 6148.932374, 249.120973, 37.947980, 0.000000, 0.000000, 0.000000, 0.000000, 0.000000, 0.000000
224, 6137.072896, 311.980451, 0.000000, 31.438361, 31.438361, 31.438361, 31.438361, 31.438361, 31.438361
225, 6210.337334, 322.385411, 69.760439, 69.760439, 69.760439, 69.760439, 69.760439, 69.760439, 69.760439
226, 6115.738124, 184.786201, 0.000000, 0.000000, 0.000000, 0.000000, 0.000000, 0.000000, 0.000000
227, 6131.982224, 177.030301, 0.000000, 0.000000, 0.000000, 0.000000, 0.000000, 0.000000, 0.000000
228, 6164.224499, 151.186410, 0.000000, 0.000000, 0.000000, 0.000000, 0.000000, 0.000000, 0.000000
229, 6171.138333, 194.272576, 12.904323, 12.904323, 12.904323, 12.904323, 12.904323, 12.904323, 12.904323
230, 6253.741517, 156.291982, 37.104145, 37.104145, 37.104145, 37.104145, 37.104145, 37.104145, 37.104145
231, 6238.243905, 233.789594, 0.000000, 0.000000, 0.000000, 0.000000, 0.000000, 0.000000, 0.000000
232, 6293.167417, 211.215494, 0.000000, 0.000000, 0.000000, 0.000000, 0.000000, 0.000000, 0.000000
233, 6369.662317, 239.710394, 81.304899, 81.304899, 81.304899, 81.304899, 81.304899, 81.304899, 81.304899
234, 6264.682489, 125.730566, 6.219740, 6.219740, 6.219740, 6.219740, 6.219740, 6.219740, 6.219740
235, 6211.568085, 42.616162, 0.000000, 0.000000, 0.000000, 0.000000, 0.000000, 0.000000, 0.000000
236, 6293.574003, 93.622080, 0.000000, 0.000000, 0.000000, 0.000000, 0.000000, 0.000000, 0.000000
237, 6373.630097, 151.678174, 49.399022, 49.399022, 49.399022, 49.399022, 49.399022, 49.399022, 49.399022
238, 6330.887921, 73.935998, 0.000000, 0.000000, 0.000000, 0.000000, 0.000000, 0.000000, 0.000000
239, 6383.291480, 88.339557, 0.000000, 0.000000, 0.000000, 0.000000, 0.000000, 0.000000, 0.000000
240, 6435.566153, 129.614230, 1.304663, 1.304663, 1.304663, 1.304663, 1.304663, 1.304663, 1.304663
241, 6477.609273, 123.657350, 16.695561, 9.390002, 9.390002, 9.390002, 9.390002, 9.390002, 9.390002
242, 6509.177057, 148.032947, 2.723380, 0.000000, 0.000000, 0.000000, 0.000000, 0.000000, 0.000000
243, 6582.984870, 138.225134, 0.000000, 12.571530, 17.821202, 17.821202, 17.821202, 17.821202, 17.821202
244, 6641.833020, 223.144704, 62.835137, 0.000000, 0.000000, 0.000000, 0.000000, 0.000000, 0.000000
245, 6706.096627, 206.881097, 50.919308, 44.877356, 0.000000, 0.000000, 0.000000, 0.000000, 0.000000
246, 6714.518774, 231.566851, 58.747291, 58.747291, 58.747291, 58.747291, 58.747291, 58.747291, 58.747291
247, 6640.267547, 103.315624, 23.793188, 23.793188, 23.793188, 23.793188, 23.793188, 23.793188, 23.793188
248, 6576.177241, 36.225318, 0.000000, 0.000000, 0.000000, 0.000000, 0.000000, 0.000000, 0.000000
249, 6729.098864, 133.146941, 12.165889, 12.165889, 12.165889, 12.165889, 12.165889, 12.165889, 12.165889
250, 6761.579349, 178.380206, 29.104990, 0.000000, 0.000000, 0.000000, 0.000000, 0.000000, 0.000000
251, 6843.332129, 164.627426, 110.564968, 110.564968, 110.564968, 110.564968, 110.564968, 110.564968, 110.564968
252, 6684.901779, 19.949856, 0.000000, 0.000000, 0.000000, 0.000000, 0.000000, 0.000000, 0.000000
253, 6721.427106, 2.475183, 0.000000, 0.000000, 0.000000, 0.000000, 0.000000, 0.000000, 0.000000
254, 6831.607167, 109.655244, 77.550821, 77.550821, 77.550821, 77.550821, 77.550821, 77.550821, 77.550821
255, 6736.510552, 0.000000, 0.000000, 0.000000, 0.000000, 0.000000, 0.000000, 0.000000, 0.000000
256, 6887.168583, 90.216660, 0.000000, 0.000000, 0.000000, 0.000000, 0.000000, 0.000000, 0.000000
257, 6958.614933, 105.663010, 60.558587, 28.105799, 28.105799, 28.105799, 28.105799, 28.105799, 28.105799
258, 6964.654577, 132.403776, 40.243237, 35.243237, 0.000000, 0.000000, 0.000000, 0.000000, 0.000000
259, 7050.355699, 106.702654, 14.542115, 5.598231, 26.299353, 10.091688, 10.091688, 10.091688, 10.091688
260, 7083.595613, 0.000000, 90.235150, 90.235150, 90.235150, 90.235150, 90.235150, 90.235150, 90.235150
261, 6957.456919, 165.643690, 0.000000, 0.000000, 0.000000, 0.000000, 0.000000, 0.000000, 0.000000
262, 7091.372885, 113.420962, 70.505292, 70.505292, 70.505292, 70.505292, 70.505292, 70.505292, 70.505292
263, 6989.868518, 13.209321, 13.209321, 13.209321, 13.209321, 13.209321, 13.209321, 13.209321, 13.209321
264, 6943.450806, 54.441051, 54.441051, 54.441051, 54.441051, 54.441051, 54.441051, 54.441051, 54.441051
265, 6796.360318, 0.000000, 0.000000, 0.000000, 0.000000, 0.000000, 0.000000, 0.000000, 0.000000
266, 6993.515852, 66.141181, 66.141181, 66.141181, 66.141181, 66.141181, 66.141181, 66.141181, 66.141181
267, 6914.986546, 19.996871, 19.996871, 19.996871, 19.996871, 19.996871, 19.996871, 19.996871, 19.996871
268, 6865.604685, 0.000000, 0.000000, 0.000000, 0.000000, 0.000000, 0.000000, 0.000000, 0.000000
269, 6999.298943, 41.309268, 34.832217, 34.832217, 34.832217, 34.832217, 34.832217, 34.832217, 34.832217
270, 6974.289152, 0.000000, 0.000000, 0.000000, 0.000000, 0.000000, 0.000000, 0.000000, 0.000000
271, 7070.625153, 55.635478, 18.980847, 4.635478, 0.000000, 0.000000, 0.000000, 0.000000, 0.000000
272, 7134.535964, 68.891658, 42.069238, 11.891658, 3.834205, 0.000000, 0.000000, 0.000000, 0.000000
273, 7197.229182, 101.158157, 54.239507, 18.756526, 15.072921, 3.834205, 3.834205, 3.834205, 3.834205
274, 7227.802463, 119.239507, 52.158157, 41.762456, 11.335737, 15.072921, 15.072921, 15.072921, 15.072921
275, 7279.947368, 153.303062, 81.480642, 44.957693, 25.901431, 18.480642, 12.850796, 12.850796, 12.850796
276, 7306.641336, 128.651661, 63.651661, 22.997030, 10.131273, 2.198173, 2.198173, 2.198173, 2.198173
277, 7344.789759, 161.145453, 57.145453, 23.743822, 0.000000, 0.000000, 0.000000, 0.000000, 0.000000
278, 7391.791852, 156.802177, 79.325126, 22.325126, 2.933557, 2.933557, 2.933557, 2.933557, 2.933557
279, 7437.099089, 190.454783, 74.109414, 25.109414, 1.439442, 1.439442, 1.439442, 1.439442, 1.439442
280, 7479.461004, 185.471329, 69.816698, 16.816698, 0.000000, 0.000000, 0.000000, 0.000000, 0.000000
281, 7540.971019, 232.995729, 104.995729, 39.518678, 6.460956, 4.570654, 4.570654, 4.570654, 4.570654
282, 7577.985404, 235.326713, 110.504293, 38.925082, 38.350227, 38.350227, 38.350227, 38.350227, 38.350227
283, 7527.869994, 215.532582, 32.225688, 0.000000, 0.000000, 0.000000, 0.000000, 0.000000, 0.000000
284, 7621.176888, 182.880319, 83.187213, 38.909541, 38.909541, 38.909541, 38.909541, 38.909541, 38.909541
285, 7580.628670, 174.984364, 5.161944, 0.000000, 0.000000, 0.000000, 0.000000, 0.000000, 0.000000
286, 7647.814111, 202.824436, 52.169805, 0.227431, 0.227431, 0.227431, 0.227431, 0.227431, 0.227431
287, 7678.632640, 233.499251, 56.022200, 0.000000, 0.000000, 0.000000, 0.000000, 0.000000, 0.000000
288, 7749.488926, 225.988334, 38.642965, 0.000000, 0.000000, 0.000000, 0.000000, 0.000000, 0.000000
289, 7785.809037, 269.819362, 59.714320, 0.000000, 0.000000, 0.000000, 0.000000, 0.000000, 0.000000
290, 7820.181046, 263.536740, 82.164731, 5.716589, 2.553325, 0.000000, 0.000000, 0.000000, 0.000000
291, 7878.140005, 309.150330, 81.150330, 21.268311, 15.006809, 12.023935, 2.889314, 2.889314, 2.889314
292, 7935.860428, 328.216122, 127.803045, 41.822628, 12.437012, 15.006809, 11.404397, 11.404397, 11.404397
293, 7990.447351, 366.457676, 124.393702, 61.860671, 41.409551, 9.273748, 15.006809, 15.006809, 15.006809
294, 8016.404357, 361.760051, 117.414682, 9.227312, 2.181358, 0.000000, 0.000000, 0.000000, 0.000000
295, 8040.768038, 355.778363, 117.123732, 41.980941, 32.433243, 20.366557, 13.998864, 13.998864, 13.998864
296, 8101.213611, 399.569305, 134.746885, 52.175811, 29.916832, 29.916832, 29.916832, 29.916832, 29.916832
297, 8095.284015, 353.294340, 92.294340, 9.811958, 9.811958, 9.811958, 9.811958, 9.811958, 9.811958
298, 8092.647340, 342.003034, 63.003034, 0.000000, 0.000000, 0.000000, 0.000000, 0.000000, 0.000000
299, 8176.754453, 373.764778, 0.000000, 7.242456, 7.242456, 7.242456, 7.242456, 7.242456, 7.242456
300, 8015.446473, 187.802167, 115.224593, 0.000000, 0.000000, 0.000000, 0.000000, 0.000000, 0.000000
301, 8212.046341, 334.056666, 30.402035, 115.224593, 115.224593, 115.224593, 115.224593, 115.224593, 115.224593
302, 8270.498793, 367.854487, 58.210695, 8.652898, 8.652898, 8.652898, 8.652898, 8.652898, 8.652898
303, 8296.119236, 371.129561, 37.831138, 32.862899, 0.000000, 0.000000, 0.000000, 0.000000, 0.000000
304, 8361.799109, 402.154803, 76.154803, 45.511011, 41.542772, 39.993601, 39.993601, 39.993601, 39.993601
305, 8339.583300, 355.593625, 30.610359, 30.610359, 30.610359, 30.610359, 30.610359, 30.610359, 30.610359
306, 8307.140379, 278.496073, 0.000000, 0.000000, 0.000000, 0.000000, 0.000000, 0.000000, 0.000000
307, 8341.691662, 300.701987, 0.000000, 0.000000, 0.000000, 0.000000, 0.000000, 0.000000, 0.000000
308, 8425.949537, 338.305231, 0.976596, 0.000000, 0.000000, 0.000000, 0.000000, 0.000000, 0.000000
309, 8472.706184, 378.716509, 68.171279, 68.171279, 68.171279, 68.171279, 68.171279, 68.171279, 68.171279
310, 8400.771266, 242.126960, 0.000000, 0.000000, 0.000000, 0.000000, 0.000000, 0.000000, 0.000000
311, 8521.011517, 329.266121, 12.747016, 12.747016, 12.747016, 12.747016, 12.747016, 12.747016, 12.747016
312, 8556.255796, 362.021842, 17.720891, 1.729919, 1.729919, 1.729919, 1.729919, 1.729919, 1.729919
313, 8579.787258, 352.797583, 0.000000, 0.000000, 0.000000, 0.000000, 0.000000, 0.000000, 0.000000
314, 8623.786047, 364.796372, 30.356876, 30.356876, 30.356876, 30.356876, 30.356876, 30.356876, 30.356876
315, 8602.202387, 322.212712, 2.333404, 2.333404, 2.333404, 2.333404, 2.333404, 2.333404, 2.333404
316, 8607.308800, 295.319125, 0.000000, 0.000000, 0.000000, 0.000000, 0.000000, 0.000000, 0.000000
317, 8651.406368, 314.416693, 0.000000, 0.000000, 0.000000, 0.000000, 0.000000, 0.000000, 0.000000
318, 8739.885398, 358.895723, 22.699652, 0.000000, 0.000000, 0.000000, 0.000000, 0.000000, 0.000000
319, 8748.359965, 354.370290, 0.000000, 22.699652, 22.699652, 22.699652, 22.699652, 22.699652, 22.699652
320, 8817.168944, 385.179269, 34.157411, 17.031271, 15.689213, 15.689213, 15.689213, 15.689213, 15.689213
321, 8838.282127, 389.292452, 15.096381, 0.270594, 0.000000, 0.000000, 0.000000, 0.000000, 0.000000
322, 8876.300115, 393.310440, 21.162442, 0.622773, 0.000000, 0.000000, 0.000000, 0.000000, 0.000000
323, 8914.405255, 420.415580, 35.393722, 21.178951, 21.178951, 21.178951, 21.178951, 21.178951, 21.178951
324, 8925.555029, 379.565354, 0.000000, 0.000000, 0.000000, 0.000000, 0.000000, 0.000000, 0.000000
325, 8942.187446, 381.197771, 10.348157, 10.348157, 10.348157, 10.348157, 10.348157, 10.348157, 10.348157
326, 9042.977137, 433.987462, 33.965604, 18.518148, 18.518148, 18.518148, 18.518148, 18.518148, 18.518148
327, 9065.325982, 445.336307, 47.691035, 47.691035, 47.691035, 47.691035, 47.691035, 47.691035, 47.691035
328, 9011.810910, 343.821235, 0.000000, 0.000000, 0.000000, 0.000000, 0.000000, 0.000000, 0.000000
329, 9146.508868, 453.519193, 59.483919, 59.483919, 59.483919, 59.483919, 59.483919, 59.483919, 59.483919
330, 9088.477997, 359.488322, 0.000000, 0.000000, 0.000000, 0.000000, 0.000000, 0.000000, 0.000000
331, 9135.685366, 389.695691, 0.000000, 0.000000, 0.000000, 0.000000, 0.000000, 0.000000, 0.000000
332, 9213.468509, 439.478834, 242.706779, 242.706779, 242.706779, 242.706779, 242.706779, 242.706779, 242.706779
333, 8802.861635, 0.000000, 0.000000, 0.000000, 0.000000, 0.000000, 0.000000, 0.000000, 0.000000
334, 8983.878041, 146.888366, 0.000000, 0.000000, 0.000000, 0.000000, 0.000000, 0.000000, 0.000000
335, 9085.395602, 211.405927, 35.070993, 35.070993, 35.070993, 35.070993, 35.070993, 35.070993, 35.070993
336, 9054.541484, 172.551809, 0.000000, 0.000000, 0.000000, 0.000000, 0.000000, 0.000000, 0.000000
337, 9118.253931, 185.264256, 0.000000, 0.000000, 0.000000, 0.000000, 0.000000, 0.000000, 0.000000
338, 9177.743084, 230.753409, 57.226294, 57.226294, 57.226294, 57.226294, 57.226294, 57.226294, 57.226294
339, 9118.267413, 120.277738, 6.138091, 6.138091, 6.138091, 6.138091, 6.138091, 6.138091, 6.138091
340, 9221.232314, 205.242639, 0.000000, 0.000000, 0.000000, 0.000000, 0.000000, 0.000000, 0.000000
341, 9238.813902, 195.824227, 4.297112, 0.000000, 0.000000, 0.000000, 0.000000, 0.000000, 0.000000
342, 9317.792064, 236.802389, 43.573896, 43.573896, 43.573896, 43.573896, 43.573896, 43.573896, 43.573896
343, 9297.493201, 185.503526, 0.000000, 0.000000, 0.000000, 0.000000, 0.000000, 0.000000, 0.000000
344, 9369.670935, 233.681260, 11.154145, 0.091974, 0.091974, 0.091974, 0.091974, 0.091974, 0.091974
345, 9432.524601, 257.534926, 40.306433, 0.000000, 0.000000, 0.000000, 0.000000, 0.000000, 0.000000
346, 9477.880688, 306.378416, 35.662520, 39.149923, 0.000000, 14.215469, 14.215469, 14.215469, 14.215469
347, 9554.368091, 290.891013, 71.851301, 20.972267, 38.149923, 0.000000, 0.000000, 0.000000, 0.000000
348, 9581.404894, 333.415219, 61.186726, 34.662520, 11.186726, 10.186726, 0.000000, 0.000000, 0.000000
349, 9644.749192, 341.759517, 86.531024, 28.764620, 31.445604, 13.531024, 12.531024, 0.000000, 0.000000
350, 9712.430176, 399.440501, 103.913386, 71.212008, 23.316565, 27.547946, 27.547946, 27.547946, 27.547946
351, 9714.573930, 354.584255, 72.355762, 32.141303, 1.133405, 1.133405, 1.133405, 1.133405, 1.133405
352, 9740.998826, 373.009151, 85.843694, 4.780658, 0.000000, 0.000000, 0.000000, 0.000000, 0.000000
353, 9806.360484, 389.370809, 70.780658, 53.938893, 53.938893, 53.938893, 53.938893, 53.938893, 53.938893
354, 9739.442688, 322.453013, 0.000000, 0.000000, 0.000000, 0.000000, 0.000000, 0.000000, 0.000000
355, 9795.460912, 326.471237, 21.944122, 0.000000, 0.000000, 0.000000, 0.000000, 0.000000, 0.000000
356, 9850.885622, 244.323651, 58.897247, 58.897247, 58.897247, 58.897247, 58.897247, 58.897247, 58.897247
357, 9796.313326, 364.895947, 2.902692, 2.902692, 2.902692, 2.902692, 2.902692, 2.902692, 2.902692
358, 9765.832901, 213.843226, 0.000000, 0.000000, 0.000000, 0.000000, 0.000000, 0.000000, 0.000000
359, 9823.343208, 235.353533, 0.000000, 0.000000, 0.000000, 0.000000, 0.000000, 0.000000, 0.000000
360, 9900.320552, 293.330877, 2.909918, 0.000000, 0.000000, 0.000000, 0.000000, 0.000000, 0.000000
361, 9955.933077, 308.943402, 32.056160, 0.000000, 0.000000, 0.000000, 0.000000, 0.000000, 0.000000
362, 10024.032983, 354.043308, 50.434253, 47.232311, 47.232311, 47.232311, 47.232311, 47.232311, 47.232311
363, 9988.451916, 284.462241, 0.000000, 0.000000, 0.000000, 0.000000, 0.000000, 0.000000, 0.000000
364, 10021.340050, 296.350375, 43.068114, 43.068114, 43.068114, 43.068114, 43.068114, 43.068114, 43.068114
365, 9971.973523, 198.983848, 0.000000, 0.000000, 0.000000, 0.000000, 0.000000, 0.000000, 0.000000
366, 10070.996266, 287.006591, 47.186611, 47.186611, 47.186611, 47.186611, 47.186611, 47.186611, 47.186611
367, 10017.485222, 187.495547, 0.000000, 0.000000, 0.000000, 0.000000, 0.000000, 0.000000, 0.000000
368, 10049.786331, 202.796656, 0.000000, 0.000000, 0.000000, 0.000000, 0.000000, 0.000000, 0.000000
369, 10128.702688, 243.713013, 0.000000, 0.000000, 0.000000, 0.000000, 0.000000, 0.000000, 0.000000
370, 10207.745172, 291.755497, 41.010114, 7.178578, 7.178578, 7.178578, 7.178578, 7.178578, 7.178578
371, 10263.510448, 309.520773, 50.447183, 37.212459, 16.246427, 16.246427, 16.246427, 16.246427, 16.246427
372, 10288.961456, 309.971781, 18.461122, 12.200834, 12.200834, 12.200834, 12.200834, 12.200834, 12.200834
373, 10307.257231, 290.267556, 0.000000, 0.000000, 0.000000, 0.000000, 0.000000, 0.000000, 0.000000
374, 10327.942497, 281.952822, 21.756897, 7.405676, 7.405676, 7.405676, 7.405676, 7.405676, 7.405676
375, 10403.218353, 333.228678, 12.718019, 4.828511, 4.828511, 4.828511, 4.828511, 4.828511, 4.828511
376, 10465.744742, 340.755067, 1.757740, 0.206345, 0.206345, 0.206345, 0.206345, 0.206345, 0.206345
377, 10374.136804, 326.268399, 69.981423, 69.981423, 69.981423, 69.981423, 69.981423, 69.981423, 69.981423
378, 10508.258074, 245.147129, 0.000000, 0.000000, 0.000000, 0.000000, 0.000000, 0.000000, 0.000000
379, 10552.592772, 370.603097, 49.205920, 49.205920, 49.205920, 49.205920, 49.205920, 49.205920, 49.205920
380, 10517.721981, 280.732306, 0.081335, 0.000000, 0.000000, 0.000000, 0.000000, 0.000000, 0.000000
381, 10630.844654, 377.854979, 0.000000, 0.000000, 0.000000, 0.000000, 0.000000, 0.000000, 0.000000
382, 10688.516457, 392.526782, 55.129605, 14.484079, 14.484079, 14.484079, 14.484079, 14.484079, 14.484079
383, 10731.998662, 406.008987, 60.452319, 60.452319, 60.452319, 60.452319, 60.452319, 60.452319, 60.452319
384, 10666.060315, 301.070640, 0.000000, 0.000000, 0.000000, 0.000000, 0.000000, 0.000000, 0.000000
385, 10765.140920, 382.151245, 26.471137, 26.471137, 26.471137, 26.471137, 26.471137, 26.471137, 26.471137
386, 10758.495945, 332.506270, 0.000000, 0.000000, 0.000000, 0.000000, 0.000000, 0.000000, 0.000000
387, 10849.734235, 405.744560, 15.233358, 15.233358, 15.233358, 15.233358, 15.233358, 15.233358, 15.233358
388, 10872.299756, 389.310081, 0.000000, 0.000000, 0.000000, 0.000000, 0.000000, 0.000000, 0.000000
389, 10803.994393, 285.004718, 62.552125, 62.552125, 62.552125, 62.552125, 62.552125, 62.552125, 62.552125
390, 10937.643438, 379.653763, 0.000000, 0.000000, 0.000000, 0.000000, 0.000000, 0.000000, 0.000000
391, 10978.024715, 410.035040, 39.914596, 14.280696, 14.280696, 14.280696, 14.280696, 14.280696, 14.280696
392, 11006.377927, 383.388252, 7.630296, 3.267808, 0.000000, 0.000000, 0.000000, 0.000000, 0.000000
393, 11057.763508, 396.582042, 11.350773, 0.000000, 0.000000, 0.000000, 0.000000, 0.000000, 0.000000
394, 11086.571717, 426.773833, 18.461598, 11.350773, 11.350773, 11.350773, 11.350773, 11.350773, 11.350773
395, 11151.591380, 461.601705, 32.843749, 4.847361, 0.000000, 0.000000, 0.000000, 0.000000, 0.000000
396, 11210.918571, 467.928896, 52.505836, 36.810543, 36.810543, 36.810543, 36.810543, 36.810543, 36.810543
397, 11196.505754, 445.516079, 8.395635, 0.000000, 0.000000, 0.000000, 0.000000, 0.000000, 0.000000
398, 11273.945135, 475.955460, 39.197504, 24.749406, 24.749406, 24.749406, 24.749406, 24.749406, 24.749406
399, 11274.864887, 427.936560, 0.000000, 0.000000, 0.000000, 0.000000, 0.000000, 0.000000, 0.000000
400, 11300.926235, 466.875212, 9.303909, 9.303909, 9.303909, 9.303909, 9.303909, 9.303909, 9.303909
401, 11374.768548, 501.778873, 28.189563, 28.189563, 28.189563, 28.189563, 28.189563, 28.189563, 28.189563
402, 11375.493219, 467.503544, 0.000000, 0.000000, 0.000000, 0.000000, 0.000000, 0.000000, 0.000000
403, 11452.904367, 506.914692, 0.000000, 0.000000, 0.000000, 0.000000, 0.000000, 0.000000, 0.000000
404, 11469.827635, 490.837960, 21.369717, 21.369717, 21.369717, 21.369717, 21.369717, 21.369717, 21.369717
405, 11543.507011, 542.517336, 46.964210, 46.964210, 46.964210, 46.964210, 46.964210, 46.964210, 46.964210
406, 11489.064783, 465.075108, 0.000000, 0.000000, 0.000000, 0.000000, 0.000000, 0.000000, 0.000000
407, 11536.172367, 474.182692, 0.000000, 0.000000, 0.000000, 0.000000, 0.000000, 0.000000, 0.000000
408, 11626.894276, 529.904601, 0.000000, 0.000000, 0.000000, 0.000000, 0.000000, 0.000000, 0.000000
409, 11678.596143, 561.606468, 45.142417, 45.142417, 45.142417, 45.142417, 45.142417, 45.142417, 45.142417
410, 11639.671430, 487.681755, 0.000000, 0.000000, 0.000000, 0.000000, 0.000000, 0.000000, 0.000000
411, 11687.622790, 519.633115, 0.000000, 0.000000, 0.000000, 0.000000, 0.000000, 0.000000, 0.000000
412, 11769.501566, 560.511891, 111.819960, 111.819960, 111.819960, 111.819960, 111.819960, 111.819960, 111.819960
413, 11614.093313, 379.103638, 0.000000, 0.000000, 0.000000, 0.000000, 0.000000, 0.000000, 0.000000
414, 11749.822488, 473.832813, 25.191817, 25.191817, 25.191817, 25.191817, 25.191817, 25.191817, 25.191817
415, 11755.009306, 445.019631, 0.000000, 0.000000, 0.000000, 0.000000, 0.000000, 0.000000, 0.000000
416, 11778.184116, 435.194441, 0.101916, 0.101916, 0.101916, 0.101916, 0.101916, 0.101916, 0.101916
417, 11855.500853, 498.511178, 33.362602, 33.362602, 33.362602, 33.362602, 33.362602, 33.362602, 33.362602
418, 11836.572390, 440.582715, 0.000000, 0.000000, 0.000000, 0.000000, 0.000000, 0.000000, 0.000000
419, 11916.970822, 492.981147, 14.739550, 14.739550, 14.739550, 14.739550, 14.739550, 14.739550, 14.739550
420, 11921.408017, 480.418342, 0.000000, 0.000000, 0.000000, 0.000000, 0.000000, 0.000000, 0.000000
421, 11986.372995, 517.383320, 51.431923, 51.431923, 51.431923, 51.431923, 51.431923, 51.431923, 51.431923
422, 11927.080021, 441.090346, 0.000000, 0.000000, 0.000000, 0.000000, 0.000000, 0.000000, 0.000000
423, 11995.456499, 475.466824, 0.000000, 0.000000, 0.000000, 0.000000, 0.000000, 0.000000, 0.000000
424, 12071.935828, 526.946153, 33.057846, 33.057846, 33.057846, 33.057846, 33.057846, 33.057846, 33.057846
425, 12070.438668, 487.448993, 0.000000, 0.000000, 0.000000, 0.000000, 0.000000, 0.000000, 0.000000
426, 12136.921936, 516.932261, 0.000000, 0.000000, 0.000000, 0.000000, 0.000000, 0.000000, 0.000000
427, 12205.792231, 551.802556, 46.169159, 46.169159, 46.169159, 46.169159, 46.169159, 46.169159, 46.169159
428, 12161.150060, 484.160385, 0.000000, 0.000000, 0.000000, 0.000000, 0.000000, 0.000000, 0.000000
429, 12203.697013, 490.707338, 4.611770, 0.341096, 0.341096, 0.341096, 0.341096, 0.341096, 0.341096
430, 12209.704026, 459.714351, 0.000000, 0.000000, 0.000000, 0.000000, 0.000000, 0.000000, 0.000000
431, 12320.771810, 544.782135, 16.264983, 12.438492, 5.848961, 5.848961, 5.848961, 5.848961, 5.848961
432, 12371.259516, 570.269841, 37.609422, 16.264983, 12.438492, 12.438492, 12.438492, 12.438492, 12.438492
433, 12404.211339, 571.221664, 55.099476, 26.780625, 16.264983, 16.264983, 16.264983, 16.264983, 16.264983
434, 12416.903737, 583.297760, 23.471707, 25.366834, 4.473023, 0.000000, 0.000000, 0.000000, 0.000000
435, 12473.287435, 580.914062, 49.685518, 15.301820, 25.366834, 25.366834, 25.366834, 25.366834, 25.366834
436, 12460.516303, 570.526628, 7.356263, 0.000000, 0.000000, 0.000000, 0.000000, 0.000000, 0.000000
437, 12504.392327, 566.402652, 17.274065, 17.274065, 17.274065, 17.274065, 17.274065, 17.274065, 17.274065
438, 12517.580068, 558.590393, 0.000000, 0.000000, 0.000000, 0.000000, 0.000000, 0.000000, 0.000000
439, 12558.814002, 559.824327, 0.000000, 0.000000, 0.000000, 0.000000, 0.000000, 0.000000, 0.000000
440, 12647.973850, 627.984175, 38.855588, 32.082685, 0.000000, 0.000000, 0.000000, 0.000000, 0.000000
441, 12652.062350, 586.072675, 0.000000, 0.000000, 32.082685, 32.082685, 32.082685, 32.082685, 32.082685
442, 12740.759413, 659.769738, 29.599373, 25.293284, 15.413476, 15.413476, 15.413476, 15.413476, 15.413476
443, 12794.866595, 643.876920, 51.408765, 51.408765, 51.408765, 51.408765, 51.408765, 51.408765, 51.408765
444, 12748.569729, 596.580054, 0.000000, 0.000000, 0.000000, 0.000000, 0.000000, 0.000000, 0.000000
445, 12851.864534, 637.874859, 6.704494, 0.000000, 0.000000, 0.000000, 0.000000, 0.000000, 0.000000
446, 12924.477940, 701.488265, 47.020110, 36.426022, 36.426022, 36.426022, 36.426022, 36.426022, 36.426022
447, 12894.784287, 633.794612, 14.950959, 9.265663, 9.265663, 9.265663, 9.265663, 9.265663, 9.265663
448, 12992.110999, 684.121324, 0.000000, 0.000000, 0.000000, 0.000000, 0.000000, 0.000000, 0.000000
449, 13014.109224, 649.029761, 18.176842, 0.000000, 0.000000, 0.000000, 0.000000, 0.000000, 0.000000
450, 13022.019436, 700.119549, 0.000000, 18.176842, 18.176842, 18.176842, 18.176842, 18.176842, 18.176842
451, 13114.361757, 741.372082, 76.057374, 76.057374, 76.057374, 76.057374, 76.057374, 76.057374, 76.057374
452, 13011.961707, 593.972032, 0.000000, 0.000000, 0.000000, 0.000000, 0.000000, 0.000000, 0.000000
453, 13139.117492, 715.127817, 5.369467, 5.369467, 5.369467, 5.369467, 5.369467, 5.369467, 5.369467
454, 13195.285123, 712.295448, 0.000000, 0.000000, 0.000000, 0.000000, 0.000000, 0.000000, 0.000000
455, 13189.644502, 696.654827, 40.980740, 36.088863, 36.088863, 36.088863, 36.088863, 36.088863, 36.088863
456, 13270.574318, 736.584643, 47.742941, 47.742941, 47.742941, 47.742941, 47.742941, 47.742941, 47.742941
457, 13223.277477, 679.287802, 0.000000, 0.000000, 0.000000, 0.000000, 0.000000, 0.000000, 0.000000
458, 13334.826373, 723.836698, 1.521990, 0.000000, 0.000000, 0.000000, 0.000000, 0.000000, 0.000000
459, 13409.232612, 788.242937, 41.941892, 0.000000, 0.000000, 0.000000, 0.000000, 0.000000, 0.000000
460, 13384.800709, 710.811034, 0.000000, 41.941892, 41.941892, 41.941892, 41.941892, 41.941892, 41.941892
461, 13483.386317, 654.274930, 77.334760, 77.334760, 77.334760, 77.334760, 77.334760, 77.334760, 77.334760
462, 13383.264605, 805.396642, 0.000000, 0.000000, 0.000000, 0.000000, 0.000000, 0.000000, 0.000000
463, 13474.356227, 745.366552, 0.000000, 0.000000, 0.000000, 0.000000, 0.000000, 0.000000, 0.000000
464, 13533.947749, 755.958074, 45.302562, 45.302562, 45.302562, 45.302562, 45.302562, 45.302562, 45.302562
465, 13493.464567, 711.474892, 0.000000, 0.000000, 0.000000, 0.000000, 0.000000, 0.000000, 0.000000
466, 13518.477920, 685.488245, 12.196857, 2.707024, 2.707024, 2.707024, 2.707024, 2.707024, 2.707024
467, 13638.842044, 773.852369, 0.000000, 7.673067, 6.264556, 6.264556, 6.264556, 6.264556, 6.264556
468, 13697.318254, 801.328579, 49.256704, 0.000000, 0.000000, 0.000000, 0.000000, 0.000000, 0.000000
469, 13742.972383, 818.982708, 57.327196, 35.910833, 6.111508, 6.111508, 6.111508, 6.111508, 6.111508
470, 13789.668059, 828.678384, 46.716266, 29.346220, 17.606509, 0.000000, 0.000000, 0.000000, 0.000000
471, 13842.991407, 860.001732, 70.929857, 29.533039, 23.856387, 11.929857, 11.901984, 11.901984, 11.901984
472, 13860.752716, 850.763041, 67.107529, 49.903785, 49.903785, 49.903785, 49.903785, 49.903785, 49.903785
473, 13795.608447, 759.618772, 0.000000, 0.000000, 0.000000, 0.000000, 0.000000, 0.000000, 0.000000
474, 13881.878654, 806.888979, 2.368823, 0.000000, 0.000000, 0.000000, 0.000000, 0.000000, 0.000000
475, 13932.155882, 819.166207, 0.000000, 2.368823, 2.368823, 2.368823, 2.368823, 2.368823, 2.368823
476, 13996.244833, 864.255158, 30.205529, 30.205529, 30.205529, 30.205529, 30.205529, 30.205529, 30.205529
477, 13983.701288, 815.711613, 0.000000, 0.000000, 0.000000, 0.000000, 0.000000, 0.000000, 0.000000
478, 14040.010699, 859.021024, 25.893124, 25.893124, 25.893124, 25.893124, 25.893124, 25.893124, 25.893124
479, 14031.710162, 806.720487, 0.000000, 0.000000, 0.000000, 0.000000, 0.000000, 0.000000, 0.000000
480, 14131.025104, 889.035429, 44.826014, 44.826014, 44.826014, 44.826014, 44.826014, 44.826014, 44.826014
481, 14097.326855, 817.337180, 0.000000, 0.000000, 0.000000, 0.000000, 0.000000, 0.000000, 0.000000
482, 14170.668472, 879.678797, 13.338941, 13.338941, 13.338941, 13.338941, 13.338941, 13.338941, 13.338941
483, 14192.725295, 855.735620, 0.526205, 0.000000, 0.000000, 0.000000, 0.000000, 0.000000, 0.000000
484, 14243.373119, 904.796512, 31.456656, 19.011404, 19.011404, 19.011404, 19.011404, 19.011404, 19.011404
485, 14328.786187, 899.383444, 3.255544, 0.000000, 0.000000, 0.000000, 0.000000, 0.000000, 0.000000
486, 14342.730827, 918.741152, 53.475035, 53.475035, 53.475035, 53.475035, 53.475035, 53.475035, 53.475035
487, 14259.736811, 860.331627, 0.000000, 0.000000, 0.000000, 0.000000, 0.000000, 0.000000, 0.000000
488, 14367.321302, 811.747136, 0.000000, 0.000000, 0.000000, 0.000000, 0.000000, 0.000000, 0.000000
489, 14424.631024, 917.641349, 62.358811, 62.358811, 62.358811, 62.358811, 62.358811, 62.358811, 62.358811
490, 14333.834658, 783.844983, 0.000000, 0.000000, 0.000000, 0.000000, 0.000000, 0.000000, 0.000000
491, 14392.716548, 818.726873, 0.000000, 0.000000, 0.000000, 0.000000, 0.000000, 0.000000, 0.000000
492, 14488.446362, 883.456687, 0.000000, 0.000000, 0.000000, 0.000000, 0.000000, 0.000000, 0.000000
493, 14371.142497, 732.152822, 92.014937, 92.014937, 92.014937, 92.014937, 92.014937, 92.014937, 92.014937
494, 14484.354109, 830.364434, 33.267429, 33.267429, 33.267429, 33.267429, 33.267429, 33.267429, 33.267429
495, 14459.280609, 767.290934, 0.000000, 0.000000, 0.000000, 0.000000, 0.000000, 0.000000, 0.000000
496, 14503.003704, 796.014029, 0.000000, 0.000000, 0.000000, 0.000000, 0.000000, 0.000000, 0.000000
497, 14582.442865, 829.453190, 17.356185, 0.000000, 0.000000, 0.000000, 0.000000, 0.000000, 0.000000
498, 14643.319202, 877.329527, 88.710954, 88.710954, 88.710954, 88.710954, 88.710954, 88.710954, 88.710954
499, 14543.559901, 713.570226, 0.000000, 0.000000, 0.000000, 0.000000, 0.000000, 0.000000, 0.000000
